sp,mdd_name,order,suborder,infraorder,parvorder,superfamily,family,subfamily,tribe,genus
Allactaga_balikunica,Orientallactaga_balikunica,RODENTIA,SUPRAMYOMORPHA,MYOMORPHI,NA,DIPODOIDEA,DIPODIDAE,ALLACTAGINAE,NA,Orientallactaga
Allactaga_bullata,Orientallactaga_bullata,RODENTIA,SUPRAMYOMORPHA,MYOMORPHI,NA,DIPODOIDEA,DIPODIDAE,ALLACTAGINAE,NA,Orientallactaga
Allactaga_elater,Scarturus_elater,RODENTIA,SUPRAMYOMORPHA,MYOMORPHI,NA,DIPODOIDEA,DIPODIDAE,ALLACTAGINAE,NA,Scarturus
Allactaga_major,Allactaga_major,RODENTIA,SUPRAMYOMORPHA,MYOMORPHI,NA,DIPODOIDEA,DIPODIDAE,ALLACTAGINAE,NA,Allactaga
Allactaga_severtzovi,Allactaga_severtzovi,RODENTIA,SUPRAMYOMORPHA,MYOMORPHI,NA,DIPODOIDEA,DIPODIDAE,ALLACTAGINAE,NA,Allactaga
Allactaga_sibirica,Orientallactaga_sibirica,RODENTIA,SUPRAMYOMORPHA,MYOMORPHI,NA,DIPODOIDEA,DIPODIDAE,ALLACTAGINAE,NA,Orientallactaga
Allactaga_vinogradovi,Scarturus_vinogradovi,RODENTIA,SUPRAMYOMORPHA,MYOMORPHI,NA,DIPODOIDEA,DIPODIDAE,ALLACTAGINAE,NA,Scarturus
Allactaga_williamsi,Scarturus_williamsi,RODENTIA,SUPRAMYOMORPHA,MYOMORPHI,NA,DIPODOIDEA,DIPODIDAE,ALLACTAGINAE,NA,Scarturus
Allactodipus_bobrinskii,Allactodipus_bobrinskii,RODENTIA,SUPRAMYOMORPHA,MYOMORPHI,NA,DIPODOIDEA,DIPODIDAE,ALLACTAGINAE,NA,Allactodipus
Allocricetulus_curtatus,Allocricetulus_curtatus,RODENTIA,SUPRAMYOMORPHA,MYOMORPHI,NA,MUROIDEA,CRICETIDAE,CRICETINAE,NA,Allocricetulus
Allocricetulus_eversmanni,Allocricetulus_eversmanni,RODENTIA,SUPRAMYOMORPHA,MYOMORPHI,NA,MUROIDEA,CRICETIDAE,CRICETINAE,NA,Allocricetulus
Apodemus_agrarius,Apodemus_agrarius,RODENTIA,SUPRAMYOMORPHA,MYOMORPHI,NA,MUROIDEA,MURIDAE,MURINAE,APODEMINI,Apodemus
Apodemus_flavicollis,Apodemus_flavicollis,RODENTIA,SUPRAMYOMORPHA,MYOMORPHI,NA,MUROIDEA,MURIDAE,MURINAE,APODEMINI,Apodemus
Apodemus_uralensis,Apodemus_uralensis,RODENTIA,SUPRAMYOMORPHA,MYOMORPHI,NA,MUROIDEA,MURIDAE,MURINAE,APODEMINI,Apodemus
Arvicola_amphibius,Arvicola_amphibius,RODENTIA,SUPRAMYOMORPHA,MYOMORPHI,NA,MUROIDEA,CRICETIDAE,ARVICOLINAE,ARVICOLINI,Arvicola
Brachytarsomys_albicauda,Brachytarsomys_albicauda,RODENTIA,SUPRAMYOMORPHA,MYOMORPHI,NA,MUROIDEA,NESOMYIDAE,NESOMYINAE,NA,Brachytarsomys
Brachyuromys_betsileoensis,Brachyuromys_betsileoensis,RODENTIA,SUPRAMYOMORPHA,MYOMORPHI,NA,MUROIDEA,NESOMYIDAE,NESOMYINAE,NA,Brachyuromys
Cardiocranius_paradoxus,Cardiocranius_paradoxus,RODENTIA,SUPRAMYOMORPHA,MYOMORPHI,NA,DIPODOIDEA,DIPODIDAE,CARDIOCRANIINAE,NA,Cardiocranius
Castor_fiber,Castor_fiber,RODENTIA,SUPRAMYOMORPHA,CASTORIMORPHI,NA,NA,CASTORIDAE,NA,NA,Castor
Cricetulus_barabensis,Cricetulus_barabensis,RODENTIA,SUPRAMYOMORPHA,MYOMORPHI,NA,MUROIDEA,CRICETIDAE,CRICETINAE,NA,Cricetulus
Cricetulus_kamensis,Urocricetus_kamensis,RODENTIA,SUPRAMYOMORPHA,MYOMORPHI,NA,MUROIDEA,CRICETIDAE,CRICETINAE,NA,Urocricetus
Cricetulus_longicaudatus,Cricetulus_longicaudatus,RODENTIA,SUPRAMYOMORPHA,MYOMORPHI,NA,MUROIDEA,CRICETIDAE,CRICETINAE,NA,Cricetulus
Cricetulus_migratorius,Nothocricetulus_migratorius,RODENTIA,SUPRAMYOMORPHA,MYOMORPHI,NA,MUROIDEA,CRICETIDAE,CRICETINAE,NA,Nothocricetulus
Cricetulus_sokolovi,Cricetulus_sokolovi,RODENTIA,SUPRAMYOMORPHA,MYOMORPHI,NA,MUROIDEA,CRICETIDAE,CRICETINAE,NA,Cricetulus
Cricetus_cricetus,Cricetus_cricetus,RODENTIA,SUPRAMYOMORPHA,MYOMORPHI,NA,MUROIDEA,CRICETIDAE,CRICETINAE,NA,Cricetus
Dendromus_insignis,Dendromus_insignis,RODENTIA,SUPRAMYOMORPHA,MYOMORPHI,NA,MUROIDEA,NESOMYIDAE,DENDROMURINAE,NA,Dendromus
Dendromus_melanotis,Dendromus_melanotis,RODENTIA,SUPRAMYOMORPHA,MYOMORPHI,NA,MUROIDEA,NESOMYIDAE,DENDROMURINAE,NA,Dendromus
Dendromus_mesomelas,Dendromus_mesomelas,RODENTIA,SUPRAMYOMORPHA,MYOMORPHI,NA,MUROIDEA,NESOMYIDAE,DENDROMURINAE,NA,Dendromus
Dendromus_mystacalis,Dendromus_mystacalis,RODENTIA,SUPRAMYOMORPHA,MYOMORPHI,NA,MUROIDEA,NESOMYIDAE,DENDROMURINAE,NA,Dendromus
Dipus_sagitta,Dipus_sagitta,RODENTIA,SUPRAMYOMORPHA,MYOMORPHI,NA,DIPODOIDEA,DIPODIDAE,DIPODINAE,NA,Dipus
Dryomys_nitedula,Dryomys_nitedula,RODENTIA,SCIUROMORPHA,NA,NA,NA,GLIRIDAE,LEITHIINAE,NA,Dryomys
Eliomys_quercinus,Eliomys_quercinus,RODENTIA,SCIUROMORPHA,NA,NA,NA,GLIRIDAE,LEITHIINAE,NA,Eliomys
Eliurus_minor,Eliurus_minor,RODENTIA,SUPRAMYOMORPHA,MYOMORPHI,NA,MUROIDEA,NESOMYIDAE,NESOMYINAE,NA,Eliurus
Eliurus_myoxinus,Eliurus_myoxinus,RODENTIA,SUPRAMYOMORPHA,MYOMORPHI,NA,MUROIDEA,NESOMYIDAE,NESOMYINAE,NA,Eliurus
Eliurus_tanala,Eliurus_tanala,RODENTIA,SUPRAMYOMORPHA,MYOMORPHI,NA,MUROIDEA,NESOMYIDAE,NESOMYINAE,NA,Eliurus
Eliurus_webbi,Eliurus_webbi,RODENTIA,SUPRAMYOMORPHA,MYOMORPHI,NA,MUROIDEA,NESOMYIDAE,NESOMYINAE,NA,Eliurus
Eremodipus_lichtensteini,Eremodipus_lichtensteini,RODENTIA,SUPRAMYOMORPHA,MYOMORPHI,NA,DIPODOIDEA,DIPODIDAE,DIPODINAE,NA,Eremodipus
Euchoreutes_naso,Euchoreutes_naso,RODENTIA,SUPRAMYOMORPHA,MYOMORPHI,NA,DIPODOIDEA,DIPODIDAE,EUCHOREUTINAE,NA,Euchoreutes
Gymnuromys_roberti,Gymnuromys_roberti,RODENTIA,SUPRAMYOMORPHA,MYOMORPHI,NA,MUROIDEA,NESOMYIDAE,NESOMYINAE,NA,Gymnuromys
Jaculus_blanfordi,Jaculus_blanfordi,RODENTIA,SUPRAMYOMORPHA,MYOMORPHI,NA,DIPODOIDEA,DIPODIDAE,DIPODINAE,NA,Jaculus
Macrotarsomys_bastardi,Macrotarsomys_bastardi,RODENTIA,SUPRAMYOMORPHA,MYOMORPHI,NA,MUROIDEA,NESOMYIDAE,NESOMYINAE,NA,Macrotarsomys
Macrotarsomys_ingens,Macrotarsomys_ingens,RODENTIA,SUPRAMYOMORPHA,MYOMORPHI,NA,MUROIDEA,NESOMYIDAE,NESOMYINAE,NA,Macrotarsomys
Mesocricetus_auratus,Mesocricetus_auratus,RODENTIA,SUPRAMYOMORPHA,MYOMORPHI,NA,MUROIDEA,CRICETIDAE,CRICETINAE,NA,Mesocricetus
Mesocricetus_brandti,Mesocricetus_brandti,RODENTIA,SUPRAMYOMORPHA,MYOMORPHI,NA,MUROIDEA,CRICETIDAE,CRICETINAE,NA,Mesocricetus
Mesocricetus_newtoni,Mesocricetus_newtoni,RODENTIA,SUPRAMYOMORPHA,MYOMORPHI,NA,MUROIDEA,CRICETIDAE,CRICETINAE,NA,Mesocricetus
Mesocricetus_raddei,Mesocricetus_raddei,RODENTIA,SUPRAMYOMORPHA,MYOMORPHI,NA,MUROIDEA,CRICETIDAE,CRICETINAE,NA,Mesocricetus
Micromys_minutus,Micromys_minutus,RODENTIA,SUPRAMYOMORPHA,MYOMORPHI,NA,MUROIDEA,MURIDAE,MURINAE,RATTINI,Micromys
Microtus_agrestis,Microtus_agrestis,RODENTIA,SUPRAMYOMORPHA,MYOMORPHI,NA,MUROIDEA,CRICETIDAE,ARVICOLINAE,ARVICOLINI,Microtus
Microtus_arvalis,Microtus_arvalis,RODENTIA,SUPRAMYOMORPHA,MYOMORPHI,NA,MUROIDEA,CRICETIDAE,ARVICOLINAE,ARVICOLINI,Microtus
Microtus_levis,Microtus_mystacinus,RODENTIA,SUPRAMYOMORPHA,MYOMORPHI,NA,MUROIDEA,CRICETIDAE,ARVICOLINAE,ARVICOLINI,Microtus
Microtus_oeconomus,Alexandromys_oeconomus,RODENTIA,SUPRAMYOMORPHA,MYOMORPHI,NA,MUROIDEA,CRICETIDAE,ARVICOLINAE,ARVICOLINI,Alexandromys
Microtus_subterraneus,Microtus_subterraneus,RODENTIA,SUPRAMYOMORPHA,MYOMORPHI,NA,MUROIDEA,CRICETIDAE,ARVICOLINAE,ARVICOLINI,Microtus
Mus_musculus,Mus_musculus,RODENTIA,SUPRAMYOMORPHA,MYOMORPHI,NA,MUROIDEA,MURIDAE,MURINAE,MURINI,Mus
Muscardinus_avellanarius,Muscardinus_avellanarius,RODENTIA,SCIUROMORPHA,NA,NA,NA,GLIRIDAE,LEITHIINAE,NA,Muscardinus
Myodes_glareolus,Clethrionomys_glareolus,RODENTIA,SUPRAMYOMORPHA,MYOMORPHI,NA,MUROIDEA,CRICETIDAE,ARVICOLINAE,CLETHRIONOMYINI,Clethrionomys
Nesomys_audeberti,Nesomys_audeberti,RODENTIA,SUPRAMYOMORPHA,MYOMORPHI,NA,MUROIDEA,NESOMYIDAE,NESOMYINAE,NA,Nesomys
Nesomys_rufus,Nesomys_rufus,RODENTIA,SUPRAMYOMORPHA,MYOMORPHI,NA,MUROIDEA,NESOMYIDAE,NESOMYINAE,NA,Nesomys
Ondatra_zibethicus,Ondatra_zibethicus,RODENTIA,SUPRAMYOMORPHA,MYOMORPHI,NA,MUROIDEA,CRICETIDAE,ARVICOLINAE,ONDATRINI,Ondatra
Paradipus_ctenodactylus,Paradipus_ctenodactylus,RODENTIA,SUPRAMYOMORPHA,MYOMORPHI,NA,DIPODOIDEA,DIPODIDAE,DIPODINAE,NA,Paradipus
Phodopus_roborovskii,Phodopus_roborovskii,RODENTIA,SUPRAMYOMORPHA,MYOMORPHI,NA,MUROIDEA,CRICETIDAE,CRICETINAE,NA,Phodopus
Phodopus_sungorus,Phodopus_sungorus,RODENTIA,SUPRAMYOMORPHA,MYOMORPHI,NA,MUROIDEA,CRICETIDAE,CRICETINAE,NA,Phodopus
Pteromys_volans,Pteromys_volans,RODENTIA,SCIUROMORPHA,NA,NA,NA,SCIURIDAE,SCIURINAE,PTEROMYINI,Pteromys
Pygeretmus_platyurus,Pygeretmus_platyurus,RODENTIA,SUPRAMYOMORPHA,MYOMORPHI,NA,DIPODOIDEA,DIPODIDAE,ALLACTAGINAE,NA,Pygeretmus
Pygeretmus_pumilio,Pygeretmus_pumilio,RODENTIA,SUPRAMYOMORPHA,MYOMORPHI,NA,DIPODOIDEA,DIPODIDAE,ALLACTAGINAE,NA,Pygeretmus
Pygeretmus_zhitkovi,Pygeretmus_shitkovi,RODENTIA,SUPRAMYOMORPHA,MYOMORPHI,NA,DIPODOIDEA,DIPODIDAE,ALLACTAGINAE,NA,Pygeretmus
Rattus_norvegicus,Rattus_norvegicus,RODENTIA,SUPRAMYOMORPHA,MYOMORPHI,NA,MUROIDEA,MURIDAE,MURINAE,RATTINI,Rattus
Salpingotus_crassicauda,Salpingotus_crassicauda,RODENTIA,SUPRAMYOMORPHA,MYOMORPHI,NA,DIPODOIDEA,DIPODIDAE,CARDIOCRANIINAE,NA,Salpingotus
Sciurus_vulgaris,Sciurus_vulgaris,RODENTIA,SCIUROMORPHA,NA,NA,NA,SCIURIDAE,SCIURINAE,SCIURINI,Sciurus
Sicista_betulina,Sicista_betulina,RODENTIA,SUPRAMYOMORPHA,MYOMORPHI,NA,DIPODOIDEA,SMINTHIDAE,NA,NA,Sicista
Sicista_caucasica,Sicista_caucasica,RODENTIA,SUPRAMYOMORPHA,MYOMORPHI,NA,DIPODOIDEA,SMINTHIDAE,NA,NA,Sicista
Sicista_caudata,Sicista_caudata,RODENTIA,SUPRAMYOMORPHA,MYOMORPHI,NA,DIPODOIDEA,SMINTHIDAE,NA,NA,Sicista
Sicista_napaea,Sicista_napaea,RODENTIA,SUPRAMYOMORPHA,MYOMORPHI,NA,DIPODOIDEA,SMINTHIDAE,NA,NA,Sicista
Sicista_pseudonapaea,Sicista_pseudonapaea,RODENTIA,SUPRAMYOMORPHA,MYOMORPHI,NA,DIPODOIDEA,SMINTHIDAE,NA,NA,Sicista
Sicista_subtilis,Sicista_subtilis,RODENTIA,SUPRAMYOMORPHA,MYOMORPHI,NA,DIPODOIDEA,SMINTHIDAE,NA,NA,Sicista
Sicista_tianshanica,Sicista_tianshanica,RODENTIA,SUPRAMYOMORPHA,MYOMORPHI,NA,DIPODOIDEA,SMINTHIDAE,NA,NA,Sicista
Stylodipus_andrewsi,Stylodipus_andrewsi,RODENTIA,SUPRAMYOMORPHA,MYOMORPHI,NA,DIPODOIDEA,DIPODIDAE,DIPODINAE,NA,Stylodipus
Tscherskia_triton,Tscherskia_triton,RODENTIA,SUPRAMYOMORPHA,MYOMORPHI,NA,MUROIDEA,CRICETIDAE,CRICETINAE,NA,Tscherskia
Zapus_hudsonius,Zapus_hudsonius,RODENTIA,SUPRAMYOMORPHA,MYOMORPHI,NA,DIPODOIDEA,ZAPODIDAE,NA,NA,Zapus
Abeomelomys_sevia,Abeomelomys_sevia,RODENTIA,SUPRAMYOMORPHA,MYOMORPHI,NA,MUROIDEA,MURIDAE,MURINAE,HYDROMYINI,Abeomelomys
Ammospermophilus_leucurus,Ammospermophilus_leucurus,RODENTIA,SCIUROMORPHA,NA,NA,NA,SCIURIDAE,XERINAE,MARMOTINI,Ammospermophilus
Anisomys_imitator,Anisomys_imitator,RODENTIA,SUPRAMYOMORPHA,MYOMORPHI,NA,MUROIDEA,MURIDAE,MURINAE,HYDROMYINI,Anisomys
Baiomys_musculus,Baiomys_musculus,RODENTIA,SUPRAMYOMORPHA,MYOMORPHI,NA,MUROIDEA,CRICETIDAE,NEOTOMINAE,BAIOMYINI,Baiomys
Baiomys_taylori,Baiomys_taylori,RODENTIA,SUPRAMYOMORPHA,MYOMORPHI,NA,MUROIDEA,CRICETIDAE,NEOTOMINAE,BAIOMYINI,Baiomys
Chaetodipus_baileyi,Chaetodipus_baileyi,RODENTIA,SUPRAMYOMORPHA,CASTORIMORPHI,NA,NA,HETEROMYIDAE,PEROGNATHINAE,NA,Chaetodipus
Chaetodipus_intermedius,Chaetodipus_intermedius,RODENTIA,SUPRAMYOMORPHA,CASTORIMORPHI,NA,NA,HETEROMYIDAE,PEROGNATHINAE,NA,Chaetodipus
Chaetodipus_nelsoni,Chaetodipus_nelsoni,RODENTIA,SUPRAMYOMORPHA,CASTORIMORPHI,NA,NA,HETEROMYIDAE,PEROGNATHINAE,NA,Chaetodipus
Chaetodipus_penicillatus,Chaetodipus_penicillatus,RODENTIA,SUPRAMYOMORPHA,CASTORIMORPHI,NA,NA,HETEROMYIDAE,PEROGNATHINAE,NA,Chaetodipus
Chiruromys_forbesi,Chiruromys_forbesi,RODENTIA,SUPRAMYOMORPHA,MYOMORPHI,NA,MUROIDEA,MURIDAE,MURINAE,HYDROMYINI,Chiruromys
Chiruromys_lamia,Chiruromys_lamia,RODENTIA,SUPRAMYOMORPHA,MYOMORPHI,NA,MUROIDEA,MURIDAE,MURINAE,HYDROMYINI,Chiruromys
Chiruromys_vates,Chiruromys_vates,RODENTIA,SUPRAMYOMORPHA,MYOMORPHI,NA,MUROIDEA,MURIDAE,MURINAE,HYDROMYINI,Chiruromys
Cratogeomys_fumosus,Cratogeomys_fumosus,RODENTIA,SUPRAMYOMORPHA,CASTORIMORPHI,NA,NA,GEOMYIDAE,GEOMYINAE,GEOMYINI,Cratogeomys
Dipodomys_merriami,Dipodomys_merriami,RODENTIA,SUPRAMYOMORPHA,CASTORIMORPHI,NA,NA,HETEROMYIDAE,DIPODOMYINAE,NA,Dipodomys
Dipodomys_nelsoni,Dipodomys_nelsoni,RODENTIA,SUPRAMYOMORPHA,CASTORIMORPHI,NA,NA,HETEROMYIDAE,DIPODOMYINAE,NA,Dipodomys
Dipodomys_ordii,Dipodomys_ordii,RODENTIA,SUPRAMYOMORPHA,CASTORIMORPHI,NA,NA,HETEROMYIDAE,DIPODOMYINAE,NA,Dipodomys
Dipodomys_phillipsii,Dipodomys_phillipsii,RODENTIA,SUPRAMYOMORPHA,CASTORIMORPHI,NA,NA,HETEROMYIDAE,DIPODOMYINAE,NA,Dipodomys
Glaucomys_volans,Glaucomys_volans,RODENTIA,SCIUROMORPHA,NA,NA,NA,SCIURIDAE,SCIURINAE,PTEROMYINI,Glaucomys
Habromys_ixtlani,Habromys_ixtlani,RODENTIA,SUPRAMYOMORPHA,MYOMORPHI,NA,MUROIDEA,CRICETIDAE,NEOTOMINAE,REITHRODONTOMYINI,Habromys
Habromys_lophurus,Habromys_lophurus,RODENTIA,SUPRAMYOMORPHA,MYOMORPHI,NA,MUROIDEA,CRICETIDAE,NEOTOMINAE,REITHRODONTOMYINI,Habromys
Habromys_schmidlyi,Habromys_schmidlyi,RODENTIA,SUPRAMYOMORPHA,MYOMORPHI,NA,MUROIDEA,CRICETIDAE,NEOTOMINAE,REITHRODONTOMYINI,Habromys
Habromys_simulatus,Habromys_simulatus,RODENTIA,SUPRAMYOMORPHA,MYOMORPHI,NA,MUROIDEA,CRICETIDAE,NEOTOMINAE,REITHRODONTOMYINI,Habromys
Handleyomys_chapmani,Handleyomys_chapmani,RODENTIA,SUPRAMYOMORPHA,MYOMORPHI,NA,MUROIDEA,CRICETIDAE,SIGMODONTINAE,ORYZOMYINI,Handleyomys
Heteromys_desmarestianus,Heteromys_desmarestianus,RODENTIA,SUPRAMYOMORPHA,CASTORIMORPHI,NA,NA,HETEROMYIDAE,HETEROMYINAE,NA,Heteromys
Heteromys_gaumeri,Heteromys_gaumeri,RODENTIA,SUPRAMYOMORPHA,CASTORIMORPHI,NA,NA,HETEROMYIDAE,HETEROMYINAE,NA,Heteromys
Hydromys_chrysogaster,Hydromys_chrysogaster,RODENTIA,SUPRAMYOMORPHA,MYOMORPHI,NA,MUROIDEA,MURIDAE,MURINAE,HYDROMYINI,Hydromys
Hyomys_goliath,Hyomys_goliath,RODENTIA,SUPRAMYOMORPHA,MYOMORPHI,NA,MUROIDEA,MURIDAE,MURINAE,HYDROMYINI,Hyomys
Leggadina_forresti,Leggadina_forresti,RODENTIA,SUPRAMYOMORPHA,MYOMORPHI,NA,MUROIDEA,MURIDAE,MURINAE,HYDROMYINI,Leggadina
Leporillus_conditor,Leporillus_conditor,RODENTIA,SUPRAMYOMORPHA,MYOMORPHI,NA,MUROIDEA,MURIDAE,MURINAE,HYDROMYINI,Leporillus
Leptomys_elegans,Leptomys_elegans,RODENTIA,SUPRAMYOMORPHA,MYOMORPHI,NA,MUROIDEA,MURIDAE,MURINAE,HYDROMYINI,Leptomys
Leptomys_ernstmayri,Leptomys_ernstmayri,RODENTIA,SUPRAMYOMORPHA,MYOMORPHI,NA,MUROIDEA,MURIDAE,MURINAE,HYDROMYINI,Leptomys
Liomys_irroratus,Heteromys_irroratus,RODENTIA,SUPRAMYOMORPHA,CASTORIMORPHI,NA,NA,HETEROMYIDAE,HETEROMYINAE,NA,Heteromys
Liomys_pictus,Heteromys_pictus,RODENTIA,SUPRAMYOMORPHA,CASTORIMORPHI,NA,NA,HETEROMYIDAE,HETEROMYINAE,NA,Heteromys
Lorentzimys_nouhuysi,Lorentzimys_nouhuysii,RODENTIA,SUPRAMYOMORPHA,MYOMORPHI,NA,MUROIDEA,MURIDAE,MURINAE,HYDROMYINI,Lorentzimys
Mallomys_aroaensis,Mallomys_aroaensis,RODENTIA,SUPRAMYOMORPHA,MYOMORPHI,NA,MUROIDEA,MURIDAE,MURINAE,HYDROMYINI,Mallomys
Mastacomys_fuscus,Mastacomys_fuscus,RODENTIA,SUPRAMYOMORPHA,MYOMORPHI,NA,MUROIDEA,MURIDAE,MURINAE,HYDROMYINI,Mastacomys
Mastomys_natalensis,Mastomys_natalensis,RODENTIA,SUPRAMYOMORPHA,MYOMORPHI,NA,MUROIDEA,MURIDAE,MURINAE,PRAOMYINI,Mastomys
Megadontomys_cryophilus,Megadontomys_cryophilus,RODENTIA,SUPRAMYOMORPHA,MYOMORPHI,NA,MUROIDEA,CRICETIDAE,NEOTOMINAE,REITHRODONTOMYINI,Megadontomys
Megadontomys_nelsoni,Megadontomys_nelsoni,RODENTIA,SUPRAMYOMORPHA,MYOMORPHI,NA,MUROIDEA,CRICETIDAE,NEOTOMINAE,REITHRODONTOMYINI,Megadontomys
Megadontomys_thomasi,Megadontomys_thomasi,RODENTIA,SUPRAMYOMORPHA,MYOMORPHI,NA,MUROIDEA,CRICETIDAE,NEOTOMINAE,REITHRODONTOMYINI,Megadontomys
Melomys_burtoni,Melomys_burtoni,RODENTIA,SUPRAMYOMORPHA,MYOMORPHI,NA,MUROIDEA,MURIDAE,MURINAE,HYDROMYINI,Melomys
Melomys_capensis,Melomys_capensis,RODENTIA,SUPRAMYOMORPHA,MYOMORPHI,NA,MUROIDEA,MURIDAE,MURINAE,HYDROMYINI,Melomys
Melomys_cervinipes,Melomys_cervinipes,RODENTIA,SUPRAMYOMORPHA,MYOMORPHI,NA,MUROIDEA,MURIDAE,MURINAE,HYDROMYINI,Melomys
Melomys_leucogaster,Melomys_leucogaster,RODENTIA,SUPRAMYOMORPHA,MYOMORPHI,NA,MUROIDEA,MURIDAE,MURINAE,HYDROMYINI,Melomys
Mesembriomys_gouldii,Mesembriomys_gouldii,RODENTIA,SUPRAMYOMORPHA,MYOMORPHI,NA,MUROIDEA,MURIDAE,MURINAE,HYDROMYINI,Mesembriomys
Microtus_mexicanus,Microtus_mexicanus,RODENTIA,SUPRAMYOMORPHA,MYOMORPHI,NA,MUROIDEA,CRICETIDAE,ARVICOLINAE,ARVICOLINI,Microtus
Microtus_oaxacensis,Microtus_oaxacensis,RODENTIA,SUPRAMYOMORPHA,MYOMORPHI,NA,MUROIDEA,CRICETIDAE,ARVICOLINAE,ARVICOLINI,Microtus
Microtus_quasiater,Microtus_quasiater,RODENTIA,SUPRAMYOMORPHA,MYOMORPHI,NA,MUROIDEA,CRICETIDAE,ARVICOLINAE,ARVICOLINI,Microtus
Nelsonia_goldmani,Nelsonia_goldmani,RODENTIA,SUPRAMYOMORPHA,MYOMORPHI,NA,MUROIDEA,CRICETIDAE,NEOTOMINAE,NEOTOMINI,Nelsonia
Neotoma_albigula,Neotoma_albigula,RODENTIA,SUPRAMYOMORPHA,MYOMORPHI,NA,MUROIDEA,CRICETIDAE,NEOTOMINAE,NEOTOMINI,Neotoma
Neotoma_goldmani,Neotoma_goldmani,RODENTIA,SUPRAMYOMORPHA,MYOMORPHI,NA,MUROIDEA,CRICETIDAE,NEOTOMINAE,NEOTOMINI,Neotoma
Neotoma_leucodon,Neotoma_leucodon,RODENTIA,SUPRAMYOMORPHA,MYOMORPHI,NA,MUROIDEA,CRICETIDAE,NEOTOMINAE,NEOTOMINI,Neotoma
Neotoma_mexicana,Neotoma_mexicana,RODENTIA,SUPRAMYOMORPHA,MYOMORPHI,NA,MUROIDEA,CRICETIDAE,NEOTOMINAE,NEOTOMINI,Neotoma
Neotomodon_alstoni,Neotomodon_alstoni,RODENTIA,SUPRAMYOMORPHA,MYOMORPHI,NA,MUROIDEA,CRICETIDAE,NEOTOMINAE,REITHRODONTOMYINI,Neotomodon
Notomys_alexis,Notomys_alexis,RODENTIA,SUPRAMYOMORPHA,MYOMORPHI,NA,MUROIDEA,MURIDAE,MURINAE,HYDROMYINI,Notomys
Notomys_cervinus,Notomys_cervinus,RODENTIA,SUPRAMYOMORPHA,MYOMORPHI,NA,MUROIDEA,MURIDAE,MURINAE,HYDROMYINI,Notomys
Notomys_fuscus,Notomys_fuscus,RODENTIA,SUPRAMYOMORPHA,MYOMORPHI,NA,MUROIDEA,MURIDAE,MURINAE,HYDROMYINI,Notomys
Notomys_mitchellii,Notomys_mitchellii,RODENTIA,SUPRAMYOMORPHA,MYOMORPHI,NA,MUROIDEA,MURIDAE,MURINAE,HYDROMYINI,Notomys
Nyctomys_sumichrasti,Nyctomys_sumichrasti,RODENTIA,SUPRAMYOMORPHA,MYOMORPHI,NA,MUROIDEA,CRICETIDAE,TYLOMYINAE,NA,Nyctomys
Oligoryzomys_fulvescens,Oligoryzomys_fulvescens,RODENTIA,SUPRAMYOMORPHA,MYOMORPHI,NA,MUROIDEA,CRICETIDAE,SIGMODONTINAE,ORYZOMYINI,Oligoryzomys
Onychomys_arenicola,Onychomys_arenicola,RODENTIA,SUPRAMYOMORPHA,MYOMORPHI,NA,MUROIDEA,CRICETIDAE,NEOTOMINAE,REITHRODONTOMYINI,Onychomys
Onychomys_leucogaster,Onychomys_leucogaster,RODENTIA,SUPRAMYOMORPHA,MYOMORPHI,NA,MUROIDEA,CRICETIDAE,NEOTOMINAE,REITHRODONTOMYINI,Onychomys
Oryzomys_couesi,Oryzomys_couesi,RODENTIA,SUPRAMYOMORPHA,MYOMORPHI,NA,MUROIDEA,CRICETIDAE,SIGMODONTINAE,ORYZOMYINI,Oryzomys
Osgoodomys_banderanus,Osgoodomys_banderanus,RODENTIA,SUPRAMYOMORPHA,MYOMORPHI,NA,MUROIDEA,CRICETIDAE,NEOTOMINAE,REITHRODONTOMYINI,Osgoodomys
Otonyctomys_hatti,Otonyctomys_hatti,RODENTIA,SUPRAMYOMORPHA,MYOMORPHI,NA,MUROIDEA,CRICETIDAE,TYLOMYINAE,NA,Otonyctomys
Ototylomys_phyllotis,Ototylomys_phyllotis,RODENTIA,SUPRAMYOMORPHA,MYOMORPHI,NA,MUROIDEA,CRICETIDAE,TYLOMYINAE,NA,Ototylomys
Perognathus_flavus,Perognathus_flavus,RODENTIA,SUPRAMYOMORPHA,CASTORIMORPHI,NA,NA,HETEROMYIDAE,PEROGNATHINAE,NA,Perognathus
Perognathus_merriami,Perognathus_merriami,RODENTIA,SUPRAMYOMORPHA,CASTORIMORPHI,NA,NA,HETEROMYIDAE,PEROGNATHINAE,NA,Perognathus
Peromyscus_aztecus,Peromyscus_aztecus,RODENTIA,SUPRAMYOMORPHA,MYOMORPHI,NA,MUROIDEA,CRICETIDAE,NEOTOMINAE,REITHRODONTOMYINI,Peromyscus
Peromyscus_beatae,Peromyscus_beatae,RODENTIA,SUPRAMYOMORPHA,MYOMORPHI,NA,MUROIDEA,CRICETIDAE,NEOTOMINAE,REITHRODONTOMYINI,Peromyscus
Peromyscus_eremicus,Peromyscus_eremicus,RODENTIA,SUPRAMYOMORPHA,MYOMORPHI,NA,MUROIDEA,CRICETIDAE,NEOTOMINAE,REITHRODONTOMYINI,Peromyscus
Peromyscus_furvus,Peromyscus_furvus,RODENTIA,SUPRAMYOMORPHA,MYOMORPHI,NA,MUROIDEA,CRICETIDAE,NEOTOMINAE,REITHRODONTOMYINI,Peromyscus
Peromyscus_gratus,Peromyscus_gratus,RODENTIA,SUPRAMYOMORPHA,MYOMORPHI,NA,MUROIDEA,CRICETIDAE,NEOTOMINAE,REITHRODONTOMYINI,Peromyscus
Peromyscus_guatemalensis,Peromyscus_guatemalensis,RODENTIA,SUPRAMYOMORPHA,MYOMORPHI,NA,MUROIDEA,CRICETIDAE,NEOTOMINAE,REITHRODONTOMYINI,Peromyscus
Peromyscus_hylocetes,Peromyscus_hylocetes,RODENTIA,SUPRAMYOMORPHA,MYOMORPHI,NA,MUROIDEA,CRICETIDAE,NEOTOMINAE,REITHRODONTOMYINI,Peromyscus
Peromyscus_leucopus,Peromyscus_leucopus,RODENTIA,SUPRAMYOMORPHA,MYOMORPHI,NA,MUROIDEA,CRICETIDAE,NEOTOMINAE,REITHRODONTOMYINI,Peromyscus
Peromyscus_levipes,Peromyscus_levipes,RODENTIA,SUPRAMYOMORPHA,MYOMORPHI,NA,MUROIDEA,CRICETIDAE,NEOTOMINAE,REITHRODONTOMYINI,Peromyscus
Peromyscus_maniculatus,Peromyscus_maniculatus,RODENTIA,SUPRAMYOMORPHA,MYOMORPHI,NA,MUROIDEA,CRICETIDAE,NEOTOMINAE,REITHRODONTOMYINI,Peromyscus
Peromyscus_megalops,Peromyscus_megalops,RODENTIA,SUPRAMYOMORPHA,MYOMORPHI,NA,MUROIDEA,CRICETIDAE,NEOTOMINAE,REITHRODONTOMYINI,Peromyscus
Peromyscus_melanocarpus,Peromyscus_melanocarpus,RODENTIA,SUPRAMYOMORPHA,MYOMORPHI,NA,MUROIDEA,CRICETIDAE,NEOTOMINAE,REITHRODONTOMYINI,Peromyscus
Peromyscus_melanophrys,Peromyscus_melanophrys,RODENTIA,SUPRAMYOMORPHA,MYOMORPHI,NA,MUROIDEA,CRICETIDAE,NEOTOMINAE,REITHRODONTOMYINI,Peromyscus
Peromyscus_melanotis,Peromyscus_melanotis,RODENTIA,SUPRAMYOMORPHA,MYOMORPHI,NA,MUROIDEA,CRICETIDAE,NEOTOMINAE,REITHRODONTOMYINI,Peromyscus
Peromyscus_mexicanus,Peromyscus_mexicanus,RODENTIA,SUPRAMYOMORPHA,MYOMORPHI,NA,MUROIDEA,CRICETIDAE,NEOTOMINAE,REITHRODONTOMYINI,Peromyscus
Peromyscus_ochraventer,Peromyscus_ochraventer,RODENTIA,SUPRAMYOMORPHA,MYOMORPHI,NA,MUROIDEA,CRICETIDAE,NEOTOMINAE,REITHRODONTOMYINI,Peromyscus
Peromyscus_pectoralis,Peromyscus_pectoralis,RODENTIA,SUPRAMYOMORPHA,MYOMORPHI,NA,MUROIDEA,CRICETIDAE,NEOTOMINAE,REITHRODONTOMYINI,Peromyscus
Peromyscus_perfulvus,Peromyscus_perfulvus,RODENTIA,SUPRAMYOMORPHA,MYOMORPHI,NA,MUROIDEA,CRICETIDAE,NEOTOMINAE,REITHRODONTOMYINI,Peromyscus
Peromyscus_schmidlyi,Peromyscus_schmidlyi,RODENTIA,SUPRAMYOMORPHA,MYOMORPHI,NA,MUROIDEA,CRICETIDAE,NEOTOMINAE,REITHRODONTOMYINI,Peromyscus
Peromyscus_spicilegus,Peromyscus_spicilegus,RODENTIA,SUPRAMYOMORPHA,MYOMORPHI,NA,MUROIDEA,CRICETIDAE,NEOTOMINAE,REITHRODONTOMYINI,Peromyscus
Peromyscus_zarhynchus,Peromyscus_zarhynchus,RODENTIA,SUPRAMYOMORPHA,MYOMORPHI,NA,MUROIDEA,CRICETIDAE,NEOTOMINAE,REITHRODONTOMYINI,Peromyscus
Pogonomys_macrourus,Pogonomys_macrourus,RODENTIA,SUPRAMYOMORPHA,MYOMORPHI,NA,MUROIDEA,MURIDAE,MURINAE,HYDROMYINI,Pogonomys
Pseudohydromys_ellermani,Pseudohydromys_ellermani,RODENTIA,SUPRAMYOMORPHA,MYOMORPHI,NA,MUROIDEA,MURIDAE,MURINAE,HYDROMYINI,Pseudohydromys
Pseudohydromys_murinus,Pseudohydromys_murinus,RODENTIA,SUPRAMYOMORPHA,MYOMORPHI,NA,MUROIDEA,MURIDAE,MURINAE,HYDROMYINI,Pseudohydromys
Pseudomys_australis,Pseudomys_australis,RODENTIA,SUPRAMYOMORPHA,MYOMORPHI,NA,MUROIDEA,MURIDAE,MURINAE,HYDROMYINI,Pseudomys
Pseudomys_bolami,Pseudomys_bolami,RODENTIA,SUPRAMYOMORPHA,MYOMORPHI,NA,MUROIDEA,MURIDAE,MURINAE,HYDROMYINI,Pseudomys
Pseudomys_delicatulus,Pseudomys_delicatulus,RODENTIA,SUPRAMYOMORPHA,MYOMORPHI,NA,MUROIDEA,MURIDAE,MURINAE,HYDROMYINI,Pseudomys
Pseudomys_gracilicaudatus,Pseudomys_gracilicaudatus,RODENTIA,SUPRAMYOMORPHA,MYOMORPHI,NA,MUROIDEA,MURIDAE,MURINAE,HYDROMYINI,Pseudomys
Pseudomys_hermannsburgensis,Pseudomys_hermannsburgensis,RODENTIA,SUPRAMYOMORPHA,MYOMORPHI,NA,MUROIDEA,MURIDAE,MURINAE,HYDROMYINI,Pseudomys
Pseudomys_higginsi,Pseudomys_higginsi,RODENTIA,SUPRAMYOMORPHA,MYOMORPHI,NA,MUROIDEA,MURIDAE,MURINAE,HYDROMYINI,Pseudomys
Pseudomys_novaehollandiae,Pseudomys_novaehollandiae,RODENTIA,SUPRAMYOMORPHA,MYOMORPHI,NA,MUROIDEA,MURIDAE,MURINAE,HYDROMYINI,Pseudomys
Rattus_exulans,Rattus_exulans,RODENTIA,SUPRAMYOMORPHA,MYOMORPHI,NA,MUROIDEA,MURIDAE,MURINAE,RATTINI,Rattus
Rattus_fuscipes,Rattus_fuscipes,RODENTIA,SUPRAMYOMORPHA,MYOMORPHI,NA,MUROIDEA,MURIDAE,MURINAE,RATTINI,Rattus
Rattus_leucopus,Rattus_leucopus,RODENTIA,SUPRAMYOMORPHA,MYOMORPHI,NA,MUROIDEA,MURIDAE,MURINAE,RATTINI,Rattus
Rattus_lutreolus,Rattus_lutreola,RODENTIA,SUPRAMYOMORPHA,MYOMORPHI,NA,MUROIDEA,MURIDAE,MURINAE,RATTINI,Rattus
Rattus_rattus,Rattus_rattus,RODENTIA,SUPRAMYOMORPHA,MYOMORPHI,NA,MUROIDEA,MURIDAE,MURINAE,RATTINI,Rattus
Rattus_richardsoni,Rattus_richardsoni,RODENTIA,SUPRAMYOMORPHA,MYOMORPHI,NA,MUROIDEA,MURIDAE,MURINAE,RATTINI,Rattus
Rattus_sordidus,Rattus_sordidus,RODENTIA,SUPRAMYOMORPHA,MYOMORPHI,NA,MUROIDEA,MURIDAE,MURINAE,RATTINI,Rattus
Rattus_tanezumi,Rattus_tanezumi,RODENTIA,SUPRAMYOMORPHA,MYOMORPHI,NA,MUROIDEA,MURIDAE,MURINAE,RATTINI,Rattus
Rattus_tiomanicus,Rattus_tiomanicus,RODENTIA,SUPRAMYOMORPHA,MYOMORPHI,NA,MUROIDEA,MURIDAE,MURINAE,RATTINI,Rattus
Rattus_tunneyi,Rattus_tunneyi,RODENTIA,SUPRAMYOMORPHA,MYOMORPHI,NA,MUROIDEA,MURIDAE,MURINAE,RATTINI,Rattus
Rattus_villosissimus,Rattus_villosissimus,RODENTIA,SUPRAMYOMORPHA,MYOMORPHI,NA,MUROIDEA,MURIDAE,MURINAE,RATTINI,Rattus
Reithrodontomys_bakeri,Reithrodontomys_microdon,RODENTIA,SUPRAMYOMORPHA,MYOMORPHI,NA,MUROIDEA,CRICETIDAE,NEOTOMINAE,REITHRODONTOMYINI,Reithrodontomys
Reithrodontomys_chrysopsis,Reithrodontomys_chrysopsis,RODENTIA,SUPRAMYOMORPHA,MYOMORPHI,NA,MUROIDEA,CRICETIDAE,NEOTOMINAE,REITHRODONTOMYINI,Reithrodontomys
Reithrodontomys_fulvescens,Reithrodontomys_fulvescens,RODENTIA,SUPRAMYOMORPHA,MYOMORPHI,NA,MUROIDEA,CRICETIDAE,NEOTOMINAE,REITHRODONTOMYINI,Reithrodontomys
Reithrodontomys_megalotis,Reithrodontomys_megalotis,RODENTIA,SUPRAMYOMORPHA,MYOMORPHI,NA,MUROIDEA,CRICETIDAE,NEOTOMINAE,REITHRODONTOMYINI,Reithrodontomys
Reithrodontomys_mexicanus,Reithrodontomys_mexicanus,RODENTIA,SUPRAMYOMORPHA,MYOMORPHI,NA,MUROIDEA,CRICETIDAE,NEOTOMINAE,REITHRODONTOMYINI,Reithrodontomys
Reithrodontomys_microdon,Reithrodontomys_microdon,RODENTIA,SUPRAMYOMORPHA,MYOMORPHI,NA,MUROIDEA,CRICETIDAE,NEOTOMINAE,REITHRODONTOMYINI,Reithrodontomys
Reithrodontomys_tenuirostris,Reithrodontomys_tenuirostris,RODENTIA,SUPRAMYOMORPHA,MYOMORPHI,NA,MUROIDEA,CRICETIDAE,NEOTOMINAE,REITHRODONTOMYINI,Reithrodontomys
Rheomys_mexicanus,Rheomys_mexicanus,RODENTIA,SUPRAMYOMORPHA,MYOMORPHI,NA,MUROIDEA,CRICETIDAE,SIGMODONTINAE,ICHTHYOMYINI,Rheomys
Sciurus_aureogaster,Sciurus_aureogaster,RODENTIA,SCIUROMORPHA,NA,NA,NA,SCIURIDAE,SCIURINAE,SCIURINI,Sciurus
Sciurus_oculatus,Sciurus_oculatus,RODENTIA,SCIUROMORPHA,NA,NA,NA,SCIURIDAE,SCIURINAE,SCIURINI,Sciurus
Scotinomys_teguina,Scotinomys_teguina,RODENTIA,SUPRAMYOMORPHA,MYOMORPHI,NA,MUROIDEA,CRICETIDAE,NEOTOMINAE,BAIOMYINI,Scotinomys
Sigmodon_arizonae,Sigmodon_arizonae,RODENTIA,SUPRAMYOMORPHA,MYOMORPHI,NA,MUROIDEA,CRICETIDAE,SIGMODONTINAE,SIGMODONTINI,Sigmodon
Sigmodon_leucotis,Sigmodon_leucotis,RODENTIA,SUPRAMYOMORPHA,MYOMORPHI,NA,MUROIDEA,CRICETIDAE,SIGMODONTINAE,SIGMODONTINI,Sigmodon
Sigmodon_mascotensis,Sigmodon_mascotensis,RODENTIA,SUPRAMYOMORPHA,MYOMORPHI,NA,MUROIDEA,CRICETIDAE,SIGMODONTINAE,SIGMODONTINI,Sigmodon
Otospermophilus_variegatus,Otospermophilus_variegatus,RODENTIA,SCIUROMORPHA,NA,NA,NA,SCIURIDAE,XERINAE,MARMOTINI,Otospermophilus
Coendou_mexicanus,Coendou_mexicanus,RODENTIA,HYSTRICOMORPHA,HYSTRICOGNATHI,NA,ERETHIZONTOIDEA,ERETHIZONTIDAE,ERETHIZONTINAE,NA,Coendou
Tylomys_nudicaudus,Tylomys_nudicaudus,RODENTIA,SUPRAMYOMORPHA,MYOMORPHI,NA,MUROIDEA,CRICETIDAE,TYLOMYINAE,NA,Tylomys
Uromys_caudimaculatus,Uromys_caudimaculatus,RODENTIA,SUPRAMYOMORPHA,MYOMORPHI,NA,MUROIDEA,MURIDAE,MURINAE,HYDROMYINI,Uromys
Xenuromys_barbatus,Xenuromys_barbatus,RODENTIA,SUPRAMYOMORPHA,MYOMORPHI,NA,MUROIDEA,MURIDAE,MURINAE,HYDROMYINI,Xenuromys
Zyzomys_argurus,Zyzomys_argurus,RODENTIA,SUPRAMYOMORPHA,MYOMORPHI,NA,MUROIDEA,MURIDAE,MURINAE,HYDROMYINI,Zyzomys
Abrawayaomys_chebezi,Abrawayaomys_ruschii,RODENTIA,SUPRAMYOMORPHA,MYOMORPHI,NA,MUROIDEA,CRICETIDAE,SIGMODONTINAE,,Abrawayaomys
Abrocoma_bennettii,Abrocoma_bennettii,RODENTIA,HYSTRICOMORPHA,HYSTRICOGNATHI,NA,OCTODONTOIDEA,ABROCOMIDAE,NA,NA,Abrocoma
Abrocoma_cinerea,Abrocoma_cinerea,RODENTIA,HYSTRICOMORPHA,HYSTRICOGNATHI,NA,OCTODONTOIDEA,ABROCOMIDAE,NA,NA,Abrocoma
Abrothrix_hirta,Abrothrix_hirta,RODENTIA,SUPRAMYOMORPHA,MYOMORPHI,NA,MUROIDEA,CRICETIDAE,SIGMODONTINAE,ABROTHRICHINI,Abrothrix
Abrothrix_longipilis,Abrothrix_longipilis,RODENTIA,SUPRAMYOMORPHA,MYOMORPHI,NA,MUROIDEA,CRICETIDAE,SIGMODONTINAE,ABROTHRICHINI,Abrothrix
Abrothrix_olivacea,Abrothrix_olivacea,RODENTIA,SUPRAMYOMORPHA,MYOMORPHI,NA,MUROIDEA,CRICETIDAE,SIGMODONTINAE,ABROTHRICHINI,Abrothrix
Aconaemys_fuscus,Aconaemys_fuscus,RODENTIA,HYSTRICOMORPHA,HYSTRICOGNATHI,NA,OCTODONTOIDEA,OCTODONTIDAE,NA,NA,Aconaemys
Aconaemys_porteri,Aconaemys_porteri,RODENTIA,HYSTRICOMORPHA,HYSTRICOGNATHI,NA,OCTODONTOIDEA,OCTODONTIDAE,NA,NA,Aconaemys
Aconaemys_sagei,Aconaemys_sagei,RODENTIA,HYSTRICOMORPHA,HYSTRICOGNATHI,NA,OCTODONTOIDEA,OCTODONTIDAE,NA,NA,Aconaemys
Andinomys_edax,Andinomys_edax,RODENTIA,SUPRAMYOMORPHA,MYOMORPHI,NA,MUROIDEA,CRICETIDAE,SIGMODONTINAE,ANDINOMYINI,Andinomys
Auliscomys_boliviensis,Auliscomys_boliviensis,RODENTIA,SUPRAMYOMORPHA,MYOMORPHI,NA,MUROIDEA,CRICETIDAE,SIGMODONTINAE,PHYLLOTINI,Auliscomys
Auliscomys_sublimis,Auliscomys_sublimis,RODENTIA,SUPRAMYOMORPHA,MYOMORPHI,NA,MUROIDEA,CRICETIDAE,SIGMODONTINAE,PHYLLOTINI,Auliscomys
Brucepattersonius_iheringi,Brucepattersonius_iheringi,RODENTIA,SUPRAMYOMORPHA,MYOMORPHI,NA,MUROIDEA,CRICETIDAE,SIGMODONTINAE,AKODONTINI,Brucepattersonius
Calomys_laucha,Calomys_laucha,RODENTIA,SUPRAMYOMORPHA,MYOMORPHI,NA,MUROIDEA,CRICETIDAE,SIGMODONTINAE,PHYLLOTINI,Calomys
Calomys_musculinus,Calomys_musculinus,RODENTIA,SUPRAMYOMORPHA,MYOMORPHI,NA,MUROIDEA,CRICETIDAE,SIGMODONTINAE,PHYLLOTINI,Calomys
Ctenomys_fulvus,Ctenomys_fulvus,RODENTIA,HYSTRICOMORPHA,HYSTRICOGNATHI,NA,OCTODONTOIDEA,CTENOMYIDAE,NA,NA,Ctenomys
Ctenomys_magellanicus,Ctenomys_magellanicus,RODENTIA,HYSTRICOMORPHA,HYSTRICOGNATHI,NA,OCTODONTOIDEA,CTENOMYIDAE,NA,NA,Ctenomys
Ctenomys_maulinus,Ctenomys_maulinus,RODENTIA,HYSTRICOMORPHA,HYSTRICOGNATHI,NA,OCTODONTOIDEA,CTENOMYIDAE,NA,NA,Ctenomys
Ctenomys_sericeus,Ctenomys_sericeus,RODENTIA,HYSTRICOMORPHA,HYSTRICOGNATHI,NA,OCTODONTOIDEA,CTENOMYIDAE,NA,NA,Ctenomys
Delomys_dorsalis,Delomys_dorsalis,RODENTIA,SUPRAMYOMORPHA,MYOMORPHI,NA,MUROIDEA,CRICETIDAE,SIGMODONTINAE,INCERTAE SEDIS,Delomys
Deltamys_kempi,Deltamys_kempi,RODENTIA,SUPRAMYOMORPHA,MYOMORPHI,NA,MUROIDEA,CRICETIDAE,SIGMODONTINAE,AKODONTINI,Deltamys
Dolichotis_salinicola,Pediolagus_salinicola,RODENTIA,HYSTRICOMORPHA,HYSTRICOGNATHI,NA,CAVIOIDEA,CAVIIDAE,DOLICHINAE,NA,Pediolagus
Eligmodontia_moreni,Eligmodontia_moreni,RODENTIA,SUPRAMYOMORPHA,MYOMORPHI,NA,MUROIDEA,CRICETIDAE,SIGMODONTINAE,PHYLLOTINI,Eligmodontia
Eligmodontia_puerulus,Eligmodontia_puerulus,RODENTIA,SUPRAMYOMORPHA,MYOMORPHI,NA,MUROIDEA,CRICETIDAE,SIGMODONTINAE,PHYLLOTINI,Eligmodontia
Eligmodontia_typus,Eligmodontia_typus,RODENTIA,SUPRAMYOMORPHA,MYOMORPHI,NA,MUROIDEA,CRICETIDAE,SIGMODONTINAE,PHYLLOTINI,Eligmodontia
Euneomys_chinchilloides,Euneomys_chinchilloides,RODENTIA,SUPRAMYOMORPHA,MYOMORPHI,NA,MUROIDEA,CRICETIDAE,SIGMODONTINAE,EUNEOMYINI,Euneomys
Euneomys_mordax,Euneomys_chinchilloides,RODENTIA,SUPRAMYOMORPHA,MYOMORPHI,NA,MUROIDEA,CRICETIDAE,SIGMODONTINAE,EUNEOMYINI,Euneomys
Euryoryzomys_legatus,Euryoryzomys_legatus,RODENTIA,SUPRAMYOMORPHA,MYOMORPHI,NA,MUROIDEA,CRICETIDAE,SIGMODONTINAE,ORYZOMYINI,Euryoryzomys
Geoxus_annectens,Geoxus_annectens,RODENTIA,SUPRAMYOMORPHA,MYOMORPHI,NA,MUROIDEA,CRICETIDAE,SIGMODONTINAE,ABROTHRICHINI,Geoxus
Geoxus_valdivianus,Geoxus_valdivianus,RODENTIA,SUPRAMYOMORPHA,MYOMORPHI,NA,MUROIDEA,CRICETIDAE,SIGMODONTINAE,ABROTHRICHINI,Geoxus
Graomys_griseoflavus,Graomys_griseoflavus,RODENTIA,SUPRAMYOMORPHA,MYOMORPHI,NA,MUROIDEA,CRICETIDAE,SIGMODONTINAE,PHYLLOTINI,Graomys
Irenomys_tarsalis,Irenomys_tarsalis,RODENTIA,SUPRAMYOMORPHA,MYOMORPHI,NA,MUROIDEA,CRICETIDAE,SIGMODONTINAE,EUNEOMYINI,Irenomys
Juliomys_pictipes,Juliomys_pictipes,RODENTIA,SUPRAMYOMORPHA,MYOMORPHI,NA,MUROIDEA,CRICETIDAE,SIGMODONTINAE,WIEDOMYINI,Juliomys
Kannabateomys_amblyonyx,Kannabateomys_amblyonyx,RODENTIA,HYSTRICOMORPHA,HYSTRICOGNATHI,NA,OCTODONTOIDEA,ECHIMYIDAE,ECHIMYINAE,ECHIMYINI,Kannabateomys
Lagidium_moreni,Lagidium_viscacia,RODENTIA,HYSTRICOMORPHA,HYSTRICOGNATHI,NA,CHINCHILLOIDEA,CHINCHILLIDAE,NA,NA,Lagidium
Lagidium_viscacia,Lagidium_viscacia,RODENTIA,HYSTRICOMORPHA,HYSTRICOGNATHI,NA,CHINCHILLOIDEA,CHINCHILLIDAE,NA,NA,Lagidium
Lagostomus_maximus,Lagostomus_maximus,RODENTIA,HYSTRICOMORPHA,HYSTRICOGNATHI,NA,CHINCHILLOIDEA,CHINCHILLIDAE,NA,NA,Lagostomus
Loxodontomys_micropus,Loxodontomys_micropus,RODENTIA,SUPRAMYOMORPHA,MYOMORPHI,NA,MUROIDEA,CRICETIDAE,SIGMODONTINAE,PHYLLOTINI,Loxodontomys
Microcavia_australis,Microcavia_australis,RODENTIA,HYSTRICOMORPHA,HYSTRICOGNATHI,NA,CAVIOIDEA,CAVIIDAE,CAVIINAE,NA,Microcavia
Myocastor_coypus,Myocastor_coypus,RODENTIA,HYSTRICOMORPHA,HYSTRICOGNATHI,NA,OCTODONTOIDEA,ECHIMYIDAE,ECHIMYINAE,MYOCASTORINI,Myocastor
Necromys_lactens,Necromys_lactens,RODENTIA,SUPRAMYOMORPHA,MYOMORPHI,NA,MUROIDEA,CRICETIDAE,SIGMODONTINAE,AKODONTINI,Necromys
Necromys_lasiurus,Necromys_lasiurus,RODENTIA,SUPRAMYOMORPHA,MYOMORPHI,NA,MUROIDEA,CRICETIDAE,SIGMODONTINAE,AKODONTINI,Necromys
Nectomys_squamipes,Nectomys_squamipes,RODENTIA,SUPRAMYOMORPHA,MYOMORPHI,NA,MUROIDEA,CRICETIDAE,SIGMODONTINAE,ORYZOMYINI,Nectomys
Neotomys_ebriosus,Neotomys_ebriosus,RODENTIA,SUPRAMYOMORPHA,MYOMORPHI,NA,MUROIDEA,CRICETIDAE,SIGMODONTINAE,EUNEOMYINI,Neotomys
Notiomys_edwardsii,Notiomys_edwardsii,RODENTIA,SUPRAMYOMORPHA,MYOMORPHI,NA,MUROIDEA,CRICETIDAE,SIGMODONTINAE,ABROTHRICHINI,Notiomys
Octodon_bridgesi,Octodon_bridgesii,RODENTIA,HYSTRICOMORPHA,HYSTRICOGNATHI,NA,OCTODONTOIDEA,OCTODONTIDAE,NA,NA,Octodon
Octodon_degus,Octodon_degus,RODENTIA,HYSTRICOMORPHA,HYSTRICOGNATHI,NA,OCTODONTOIDEA,OCTODONTIDAE,NA,NA,Octodon
Octodon_lunatus,Octodon_lunatus,RODENTIA,HYSTRICOMORPHA,HYSTRICOGNATHI,NA,OCTODONTOIDEA,OCTODONTIDAE,NA,NA,Octodon
Octodon_ricardojeda,Octodon_ricardojeda,RODENTIA,HYSTRICOMORPHA,HYSTRICOGNATHI,NA,OCTODONTOIDEA,OCTODONTIDAE,NA,NA,Octodon
Oxymycterus_rufus,Oxymycterus_rufus,RODENTIA,SUPRAMYOMORPHA,MYOMORPHI,NA,MUROIDEA,CRICETIDAE,SIGMODONTINAE,AKODONTINI,Oxymycterus
Paynomys_macronyx,Paynomys_macronyx,RODENTIA,SUPRAMYOMORPHA,MYOMORPHI,NA,MUROIDEA,CRICETIDAE,SIGMODONTINAE,ABROTHRICHINI,Paynomys
Phyllotis_darwini,Phyllotis_darwinii,RODENTIA,SUPRAMYOMORPHA,MYOMORPHI,NA,MUROIDEA,CRICETIDAE,SIGMODONTINAE,PHYLLOTINI,Phyllotis
Reithrodon_auritus,Reithrodon_auritus,RODENTIA,SUPRAMYOMORPHA,MYOMORPHI,NA,MUROIDEA,CRICETIDAE,SIGMODONTINAE,REITHRODONTINI,Reithrodon
Scapteromys_aquaticus,Scapteromys_aquaticus,RODENTIA,SUPRAMYOMORPHA,MYOMORPHI,NA,MUROIDEA,CRICETIDAE,SIGMODONTINAE,AKODONTINI,Scapteromys
Spalacopus_cyanus,Spalacopus_cyanus,RODENTIA,HYSTRICOMORPHA,HYSTRICOGNATHI,NA,OCTODONTOIDEA,OCTODONTIDAE,NA,NA,Spalacopus
Tapecomys_wolffsohni,Tapecomys_wolffsohni,RODENTIA,SUPRAMYOMORPHA,MYOMORPHI,NA,MUROIDEA,CRICETIDAE,SIGMODONTINAE,PHYLLOTINI,Tapecomys
Tympanoctomys_barrerae,Tympanoctomys_barrerae,RODENTIA,HYSTRICOMORPHA,HYSTRICOGNATHI,NA,OCTODONTOIDEA,OCTODONTIDAE,NA,NA,Tympanoctomys
